{"graph_0": {"_type": "graph-file", "sha256": "81f4161f19c751ba1535f19a258f600937f1df8976e901a9c01d9f9e7b3c60d8", "size": 1800, "path": "media/graph/graph_0_summary_81f4161f19c751ba1535.graph.json"}, "best_auc": 0.8374657064471878, "epoch": 35, "AUC": 0.5, "AUPR": 0.75, "ACC": 0.5, "P": 0.5, "R": 1.0, "F1": 0.6666666666666666, "_timestamp": 1686745738.1911542, "_runtime": 105.57077217102051, "_step": 34}