{"graph_0": {"_type": "graph-file", "sha256": "bc94cb4b1ca327fabfdac9d081a5073c882b085da9d56116dd5839d6b4960424", "size": 1836, "path": "media/graph/graph_0_summary_bc94cb4b1ca327fabfda.graph.json"}, "best_auc": 0.9334327846364884, "epoch": 126, "AUC": 0.9328909465020576, "AUPR": 0.9378331262886951, "ACC": 0.8555555555555555, "P": 0.8692307692307693, "R": 0.837037037037037, "F1": 0.8528301886792453, "_timestamp": 1686746296.7233515, "_runtime": 391.7628433704376, "_step": 125}